{"cameraMode":{"drawMode":0,"name":"Shaded","section":"Shading Mode"},"sceneLighting":true,"audioPlay":false,"sceneViewState":{"m_AlwaysRefresh":false,"showFog":true,"showSkybox":true,"showFlares":true,"showImageEffects":true,"showParticleSystems":true,"showVisualEffectGraphs":true,"m_FxEnabled":true},"in2DMode":false,"pivot":{"x":-18.364118576049806,"y":-5.561723709106445,"z":27.064233779907228},"rotation":{"x":-0.13239091634750367,"y":0.5170125365257263,"z":-0.08131486922502518,"w":-0.8417649269104004},"size":14.346672058105469,"orthographic":false}